experiment_version,paper_bet_id,match_id,settled_at,team1_name,team2_name,predicted_winner_name,selection_odds,stake,profit,bank_before,bank_after
paper_v1,4,1592765,2026-07-24T12:10:10+00:00,magic,3DMAX,magic,1.7,1000.0,-1000.0,100000.0,99000.0
paper_v1,6,1587529,2026-07-24T13:00:16+00:00,SPARTA,Atreides,Atreides,2.173,1000.0,1173.0,99000.0,100173.0
paper_v1,5,1582152,2026-07-24T13:10:15+00:00,Phantom,G2 Ares,Phantom,1.42,1000.0,419.99999999999994,100173.0,100593.0
paper_v1,1,1554040,2026-07-24T13:50:19+00:00,1WIN,Eternal Fire,1WIN,2.07,1000.0,-1000.0,100593.0,99593.0
paper_v1,11,1596465,2026-07-24T15:10:28+00:00,Nuclear TigeRES,ECHO,Nuclear TigeRES,1.67,1000.0,-1000.0,99593.0,98593.0
paper_v1,8,1592758,2026-07-24T15:40:29+00:00,Heroic,TheMongolz,TheMongolz,1.87,1000.0,870.0000000000001,98593.0,99463.0
paper_v1,18,1596462,2026-07-24T17:40:29+00:00,Gentle Mates,Walczaki,Walczaki,2.264,1000.0,-1000.0,99463.0,98463.0
paper_v1,17,1596459,2026-07-24T18:20:19+00:00,Astralis,Heroic,Astralis,1.79,1000.0,-1000.0,98463.0,97463.0
paper_v1,16,1580359,2026-07-24T18:30:29+00:00,Bounty Hunters Esports,ODDIK,Bounty Hunters Esports,1.53,1000.0,-1000.0,97463.0,96463.0
paper_v1,22,1587531,2026-07-24T20:30:28+00:00,Butterfly,G2 Ares,Butterfly,1.755,1000.0,-1000.0,96463.0,95463.0
paper_v1,27,1580360,2026-07-24T20:50:19+00:00,Keyd,ALKA GAMING,Keyd,1.6,1000.0,600.0000000000001,95463.0,96063.0
paper_v1,32,1600631,2026-07-25T09:40:16+00:00,STATE,Fortress,STATE,1.29,1000.0,290.00000000000006,96063.0,96353.0
paper_v1,29,1582155,2026-07-25T11:40:28+00:00,G2 Ares,Inner Circle Academy,Inner Circle Academy,2.099,1000.0,-1000.0,96353.0,95353.0
paper_v1,33,1592770,2026-07-25T12:50:38+00:00,DENDELE CS,FaZe,DENDELE CS,2.984,1000.0,-1000.0,95353.0,94353.0
paper_v1,37,1596638,2026-07-25T12:50:38+00:00,Benched gods,NEW VISION,Benched gods,2.44,1000.0,-1000.0,94353.0,93353.0
paper_v1,38,1600632,2026-07-25T13:00:39+00:00,Lazer Cats,Inner Circle Academy,Inner Circle Academy,1.72,1000.0,-1000.0,93353.0,92353.0
paper_v1,39,1592771,2026-07-25T14:40:30+00:00,Liquid,G2,G2,1.496,1000.0,-1000.0,92353.0,91353.0
paper_v1,43,1587534,2026-07-25T15:30:15+00:00,Black Phoenix,Just Players,Just Players,1.566,1000.0,566.0000000000001,91353.0,91919.0
paper_v1,44,1596468,2026-07-25T16:10:29+00:00,magic,Gentle Mates,Gentle Mates,2.522,1000.0,-1000.0,91919.0,90919.0
paper_v1,45,1596633,2026-07-25T16:50:10+00:00,ENJOY,SAW Youngsters,ENJOY,1.83,1000.0,830.0000000000001,90919.0,91749.0
paper_v1,47,1592772,2026-07-25T17:20:09+00:00,HOTU,Astralis,HOTU,2.29,1000.0,-1000.0,91749.0,90749.0
paper_v1,53,1600637,2026-07-25T18:50:11+00:00,ex-MANA eSports,megoshort,ex-MANA eSports,1.44,1000.0,-1000.0,90749.0,89749.0
paper_v1,49,1596469,2026-07-25T19:20:10+00:00,NIP,Heroic,NIP,1.93,1000.0,929.9999999999999,89749.0,90679.0
paper_v1,51,1587535,2026-07-25T20:00:29+00:00,ex-RUSTEC,Rune Eaters,ex-RUSTEC,1.869,1000.0,869.0,90679.0,91548.0
paper_v1,55,1580364,2026-07-25T20:40:18+00:00,Fluxo,Keyd,Keyd,3.505,1000.0,-1000.0,91548.0,90548.0
paper_v1,63,1587537,2026-07-26T14:31:11+00:00,Butterfly,SAW Youngsters,Butterfly,1.83,1000.0,830.0000000000001,90548.0,91378.0
paper_v1,68,1582161,2026-07-26T16:10:27+00:00,SPARTA,Atreides,Atreides,2.04,1000.0,1040.0,91378.0,92418.0
paper_v1,73,1592778,2026-07-26T16:30:30+00:00,Wildcard,TheMongolz,Wildcard,3.245,1000.0,-1000.0,92418.0,91418.0
paper_v1,71,1600634,2026-07-26T16:50:30+00:00,STATE,Lazer Cats,STATE,2.157,1000.0,-1000.0,91418.0,90418.0
paper_v1,69,1587538,2026-07-26T18:20:20+00:00,INOX Division,G2 Ares,INOX Division,1.401,1000.0,401.0,90418.0,90819.0
paper_v1,74,1605161,2026-07-26T18:40:31+00:00,aimclub,sleepers,sleepers,2.366,1000.0,-1000.0,90819.0,89819.0
paper_v1,82,1605162,2026-07-26T20:30:29+00:00,A Great Chaos,mellren,mellren,1.71,1000.0,710.0,89819.0,90529.0
paper_v1,104,1596444,2026-07-27T18:10:30+00:00,Brute,MOUZ NXT,Brute,1.56,1000.0,560.0,90529.0,91089.0
paper_v1,111,1596447,2026-07-27T19:50:10+00:00,Brute,LEO,Brute,1.34,1000.0,340.00000000000006,91089.0,91429.0
paper_v1,118,1596477,2026-07-28T11:00:17+00:00,Black Phoenix,ENJOY,ENJOY,1.97,1000.0,-1000.0,91429.0,90429.0
paper_v1,121,1596449,2026-07-28T12:00:30+00:00,Noir Verse,MOUZ NXT,Noir Verse,2.387,1000.0,-1000.0,90429.0,89429.0
paper_v1,122,1582168,2026-07-28T12:50:13+00:00,Butterfly,G2 Ares,Butterfly,1.92,1000.0,919.9999999999999,89429.0,90349.0
paper_v1,123,1587544,2026-07-28T13:40:29+00:00,Atreides,ex-RUSTEC,ex-RUSTEC,2.379,1000.0,1379.0,90349.0,91728.0
paper_v1,131,1605008,2026-07-28T16:30:16+00:00,TDK,BakS eSports,TDK,1.08,1000.0,-1000.0,91728.0,90728.0
paper_v1,129,1600644,2026-07-28T16:50:17+00:00,ex-RUSTEC,UNiTY esports,ex-RUSTEC,1.55,1000.0,550.0,90728.0,91278.0
paper_v1,133,1607762,2026-07-28T17:10:29+00:00,sleepers,A Great Chaos,A Great Chaos,2.279,1000.0,-1000.0,91278.0,90278.0
paper_v1,135,1582170,2026-07-28T18:40:30+00:00,CYBERSHOKE Prospects,Lavked,Lavked,2.01,1000.0,-1000.0,90278.0,89278.0
paper_v1,138,1596480,2026-07-28T20:30:29+00:00,los kogutos,UNiTY esports,los kogutos,2.44,1000.0,-1000.0,89278.0,88278.0
paper_v1,142,1607760,2026-07-28T20:30:29+00:00,Aurora Young Blood,Young TigeRES,Young TigeRES,2.142,1000.0,1142.0,88278.0,89420.0
paper_v1,143,1596575,2026-07-28T21:11:10+00:00,NRG,Iowa Stormboar,Iowa Stormboar,7.95,1000.0,-1000.0,89420.0,88420.0
paper_v1,148,1596576,2026-07-28T23:50:19+00:00,LAG Gaming,Marsborne,Marsborne,1.66,1000.0,659.9999999999999,88420.0,89080.0
paper_v1,153,1608566,2026-07-29T10:30:29+00:00,Teletubisie,WRAITH PCIFIC,WRAITH PCIFIC,2.366,1000.0,1366.0,89080.0,90446.0
paper_v1,155,1582172,2026-07-29T12:50:30+00:00,ex-RUSTEC,G2 Ares,ex-RUSTEC,2.099,1000.0,1099.0000000000002,90446.0,91545.0
paper_v1,159,1582173,2026-07-29T16:50:59+00:00,ex-RUBY,GenOne,ex-RUBY,1.72,1000.0,-1000.0,91545.0,90545.0
paper_v1,166,1600650,2026-07-29T19:20:29+00:00,Bebop,Misa Esports,Bebop,1.5,1000.0,500.0,90545.0,91045.0
paper_v1,168,1596577,2026-07-29T21:30:27+00:00,Chicken Coop Esports,SportsBetExpert,Chicken Coop Esports,3.03,1000.0,-1000.0,91045.0,90045.0
paper_v1,170,1596579,2026-07-30T00:30:20+00:00,NRG,Marsborne,Marsborne,3.91,1000.0,-1000.0,90045.0,89045.0
paper_v1,176,1602901,2026-07-30T09:30:31+00:00,KUUSAMO.gg,SINQU,KUUSAMO.gg,1.51,1000.0,-1000.0,89045.0,88045.0
paper_v1,172,1582174,2026-07-30T11:10:24+00:00,SPARTA,Just Players,SPARTA,1.7,1000.0,-1000.0,88045.0,87045.0
paper_v1,185,1602923,2026-07-30T13:30:52+00:00,KUUSAMO.gg,BOJONG,KUUSAMO.gg,1.41,1000.0,409.99999999999994,87045.0,87455.0
paper_v1,191,1602942,2026-07-30T15:10:21+00:00,ENCE,SINQU,ENCE,1.43,1000.0,429.99999999999994,87455.0,87885.0
paper_v1,197,1596526,2026-07-30T21:30:22+00:00,Imperial,ShindeN,ShindeN,2.689,1000.0,1689.0,87885.0,89574.0
paper_v1,201,1596530,2026-07-31T02:00:13+00:00,BESTIA,Galorys,Galorys,2.234,1000.0,-1000.0,89574.0,88574.0
paper_v1,208,1602990,2026-07-31T09:30:32+00:00,HAVU,Trainwrecks eSports,Trainwrecks eSports,4.405,1000.0,-1000.0,88574.0,87574.0
paper_v1,205,1587559,2026-07-31T10:20:31+00:00,Infinite,SPARTA,Infinite,1.674,1000.0,-1000.0,87574.0,86574.0
paper_v1,207,1602185,2026-07-31T11:00:14+00:00,BASEMENT BOYS,Lazer Cats,BASEMENT BOYS,1.87,1000.0,-1000.0,86574.0,85574.0
paper_v1,213,1587560,2026-07-31T13:10:48+00:00,Sinners,Rune Eaters,Rune Eaters,3.11,1000.0,-1000.0,85574.0,84574.0
paper_v1,221,1602993,2026-07-31T14:50:31+00:00,ROUNDS,Trainwrecks eSports,Trainwrecks eSports,2.498,1000.0,1498.0000000000002,84574.0,86072.0
paper_v1,192,1593362,2026-07-31T15:30:31+00:00,FaZe,TheMongolz,TheMongolz,2.07,1000.0,-1000.0,86072.0,85072.0
paper_v1,219,1596491,2026-07-31T17:00:52+00:00,ex-Young Ninjas,Inner Circle Academy,ex-Young Ninjas,1.83,1000.0,830.0000000000001,85072.0,85902.0
paper_v1,227,1602995,2026-07-31T18:10:31+00:00,HAVU,ROUNDS,ROUNDS,3.465,1000.0,-1000.0,85902.0,84902.0
paper_v1,223,1587562,2026-07-31T20:00:30+00:00,JiJieHao,Black Phoenix,JiJieHao,1.46,1000.0,-1000.0,84902.0,83902.0
paper_v1,232,1596586,2026-08-01T02:30:43+00:00,Marsborne,regain,regain,3.495,1000.0,-1000.0,83902.0,82902.0
paper_v1,235,1602996,2026-08-01T10:00:20+00:00,ENCE,HAVU,ENCE,1.74,1000.0,740.0,82902.0,83642.0
paper_v1,238,1596595,2026-08-01T12:20:30+00:00,Betclic Apogee Esports,The Last Resort,The Last Resort,2.911,1000.0,-1000.0,83642.0,82642.0
paper_v1,242,1596493,2026-08-01T13:30:32+00:00,los kogutos,NEW VISION,NEW VISION,1.881,1000.0,-1000.0,82642.0,81642.0
paper_v1,248,1596494,2026-08-01T17:00:31+00:00,SPARTA,Rune Eaters,SPARTA,1.615,1000.0,-1000.0,81642.0,80642.0
paper_v1,255,1596527,2026-08-01T20:10:54+00:00,MIBR,ShindeN,ShindeN,3.07,1000.0,-1000.0,80642.0,79642.0
paper_v1,257,1614314,2026-08-01T23:00:08+00:00,mokrivskiy Club,Perfecto Club,mokrivskiy Club,2.856,1000.0,-1000.0,79642.0,78642.0
paper_v1,258,1596581,2026-08-02T00:20:29+00:00,NRG,Voca,Voca,2.894,1000.0,1894.0000000000002,78642.0,80536.0
paper_v1,259,1596587,2026-08-02T02:10:29+00:00,SportsBetExpert,Marsborne,Marsborne,1.89,1000.0,-1000.0,80536.0,79536.0
paper_v1,260,1608568,2026-08-02T11:20:29+00:00,WRAITH PCIFIC,Fire Flux Esports,WRAITH PCIFIC,2.142,1000.0,-1000.0,79536.0,78536.0
paper_v1,263,1596600,2026-08-02T12:00:30+00:00,9INE,Brute,Brute,3.02,1000.0,2020.0,78536.0,80556.0
paper_v1,282,1596588,2026-08-03T00:10:31+00:00,NRG,SportsBetExpert,SportsBetExpert,3.66,1000.0,-1000.0,80556.0,79556.0
paper_v2,317,1615300,2026-08-03T15:10:34+00:00,BASEMENT BOYS,Fire Flux Esports,BASEMENT BOYS,1.87,1000.0,870.0000000000001,100000.0,100870.0
paper_v2,330,1582185,2026-08-04T13:00:31+00:00,Sashi Esport,Phantom,Phantom,1.82,1000.0,-1000.0,100870.0,99870.0
paper_v2,341,1582191,2026-08-05T11:20:31+00:00,Sashi Esport,GenOne,GenOne,1.98,1000.0,-1000.0,99870.0,98870.0
paper_v2,340,1615344,2026-08-05T12:50:30+00:00,Arcade Esports,Abyssal,Abyssal,1.69,1000.0,690.0,98870.0,99560.0
paper_v2,343,1582190,2026-08-05T15:00:13+00:00,1WIN,INOX Division,1WIN,1.7,1000.0,700.0,99560.0,100260.0
paper_v2,345,1608763,2026-08-05T18:30:31+00:00,Fire Flux Esports,Honvéd,Fire Flux Esports,2.075,1000.0,-1000.0,100260.0,99260.0
paper_v2,346,1582192,2026-08-06T11:00:31+00:00,Sashi Esport,Nuclear TigeRES,Nuclear TigeRES,1.87,1000.0,870.0000000000001,99260.0,100130.0
paper_v2,365,1615347,2026-08-07T12:10:26+00:00,Abyssal,Arcade Esports,Abyssal,1.65,1000.0,649.9999999999999,100130.0,100780.0
paper_v2,366,1596515,2026-08-07T18:50:09+00:00,CYBERSHOKE Esports,GenOne,GenOne,1.912,1000.0,-1000.0,100780.0,99780.0
paper_v2,382,1620598,2026-08-08T10:41:04+00:00,K27,Sinners,K27,1.9,1000.0,899.9999999999999,99780.0,100680.0
paper_v2,381,1620593,2026-08-08T12:00:12+00:00,Acend,NRG,Acend,2.279,1000.0,-1000.0,100680.0,99680.0
paper_v2,377,1620568,2026-08-08T12:10:30+00:00,ECHO,OG,ECHO,1.65,1000.0,649.9999999999999,99680.0,100330.0
paper_v2,397,1620609,2026-08-09T11:30:34+00:00,Fluxo W7M,fnatic,Fluxo W7M,2.355,1000.0,-1000.0,100330.0,99330.0
paper_v2,402,1620614,2026-08-09T12:10:21+00:00,NRG,Phantom,Phantom,2.144,1000.0,1144.0000000000002,99330.0,100474.0
paper_v2,398,1620610,2026-08-09T12:20:58+00:00,Virtus.pro,Sashi Esport,Sashi Esport,2.279,1000.0,1279.0,100474.0,101753.0
paper_v2,400,1620612,2026-08-09T12:20:58+00:00,ECHO,GenOne,GenOne,2.355,1000.0,1355.0,101753.0,103108.0
paper_v2,395,1620607,2026-08-09T12:30:31+00:00,Sinners,EYEBALLERS,EYEBALLERS,1.71,1000.0,710.0,103108.0,103818.0
paper_v2,409,1616716,2026-08-09T14:10:36+00:00,UNiTY esports,Nexus,UNiTY esports,2.411,1000.0,1411.0,103818.0,105229.0
paper_v2,414,1615353,2026-08-10T11:30:11+00:00,Rooster,Abyssal,Rooster,1.53,1000.0,-1000.0,105229.0,104229.0
paper_v2,426,1624080,2026-08-12T10:30:31+00:00,BIG,Aurora Gaming,Aurora Gaming,1.57,1000.0,-1000.0,104229.0,103229.0
paper_v2,444,1624322,2026-08-12T19:30:59+00:00,Wildcard,FURIA,FURIA,2.326,1000.0,1326.0,103229.0,104555.0
paper_v2,460,1624092,2026-08-13T18:40:30+00:00,Legacy,FaZe,Legacy,2.01,1000.0,-1000.0,104555.0,103555.0
paper_v2,462,1630757,2026-08-13T20:10:28+00:00,ENCE,ENJOY,ENJOY,2.142,1000.0,1142.0,103555.0,104697.0
paper_v2,467,1630664,2026-08-14T10:10:34+00:00,ENJOY,Misa Esports,ENJOY,1.46,1000.0,459.99999999999994,104697.0,105157.0
paper_v2,476,1633190,2026-08-14T16:30:11+00:00,BASEMENT BOYS, Phantom Academy,BASEMENT BOYS,1.58,1000.0,580.0000000000001,105157.0,105737.0
paper_v2,484,1624295,2026-08-14T19:00:29+00:00,PARIVISION,100 Thieves,100 Thieves,2.125,1000.0,-1000.0,105737.0,104737.0
paper_v2,491,1633564,2026-08-15T10:50:29+00:00,Bushido Wildcats, Phantom Academy, Phantom Academy,2.095,1000.0,1095.0000000000002,104737.0,105832.0
paper_v2,494,1624326,2026-08-15T13:50:30+00:00,Wildcard,paiN,Wildcard,2.37,1000.0,-1000.0,105832.0,104832.0
paper_v2,504,1624325,2026-08-15T16:10:34+00:00,magic,3DMAX,3DMAX,2.05,1000.0,-1000.0,104832.0,103832.0
paper_v2,544,1630677,2026-08-17T20:50:38+00:00,ENJOY,HAVU,ENJOY,1.65,1000.0,-1000.0,103832.0,102832.0
paper_v2,578,1630684,2026-08-19T16:40:11+00:00,Black Phoenix,Bushido Wildcats,Black Phoenix,1.684,1000.0,683.9999999999999,102832.0,103516.0
paper_v2,586,1624406,2026-08-21T13:01:03+00:00,FUT Esports,MOUZ,FUT Esports,2.405,1000.0,1404.9999999999998,103516.0,104921.0
paper_v2,600,1633223,2026-08-22T09:50:06+00:00,GenOne,ex-Zero Tenacity,GenOne,1.45,1000.0,-1000.0,104921.0,103921.0
paper_v2,633,1630701,2026-08-23T20:00:08+00:00,Just Players,ex-Zero Tenacity,Just Players,1.88,1000.0,-1000.0,103921.0,102921.0
paper_v2,655,1633234,2026-08-24T20:00:29+00:00,CYBERSHOKE Prospects,ex-Zero Tenacity,CYBERSHOKE Prospects,1.75,1000.0,750.0,102921.0,103671.0
paper_v2,674,1650482,2026-08-25T22:50:45+00:00,Isurus,ODDIK,Isurus,1.87,1000.0,-1000.0,103671.0,102671.0
paper_v2,680,1650128,2026-08-26T12:00:11+00:00,Arcade Esports,Mindfreak,Mindfreak,1.71,1000.0,710.0,102671.0,103381.0
paper_v2,712,1648235,2026-08-27T16:10:10+00:00,Esport Academy Copenhagen,QUAZAR,QUAZAR,1.8,1000.0,800.0,103381.0,104181.0
paper_v2,711,1640201,2026-08-27T16:41:09+00:00,Legacy,FUT Esports,Legacy,2.02,1000.0,1020.0,104181.0,105201.0
paper_v2,729,1648239,2026-08-28T13:40:14+00:00,STATE,G2 Ares,STATE,2.075,1000.0,-1000.0,105201.0,104201.0
paper_v2,749,1650519,2026-08-29T02:50:10+00:00,Marsborne,Chicken Coop Esports,Chicken Coop Esports,2.485,1000.0,-1000.0,104201.0,103201.0
paper_v2,761,1651285,2026-08-29T14:20:05+00:00,Bushido Wildcats,UNiTY esports,UNiTY esports,2.079,1000.0,1079.0000000000002,103201.0,104280.0
paper_v2,751,1630719,2026-08-29T15:40:28+00:00,Acend,GenOne,GenOne,2.064,1000.0,1064.0,104280.0,105344.0
paper_v2,774,1651402,2026-08-29T19:20:10+00:00,Honvéd,Noir Verse,Noir Verse,2.055,1000.0,1055.0000000000002,105344.0,106399.0
paper_v2,789,1640198,2026-08-31T15:10:29+00:00,G2,Aurora Gaming,G2,1.675,1000.0,675.0,106399.0,107074.0
paper_v2,796,1648378,2026-08-31T15:30:28+00:00,Brute,ASTRAL,Brute,1.87,1000.0,-1000.0,107074.0,106074.0
paper_v2,795,1640205,2026-08-31T18:10:28+00:00,MOUZ,Team Falcons,Team Falcons,1.73,1000.0,-1000.0,106074.0,105074.0
paper_v2,809,1633295,2026-09-01T13:30:27+00:00,Infinite,Inner Circle Academy,Infinite,1.5,1000.0,500.0,105074.0,105574.0
paper_v2,816,1633298,2026-09-01T17:20:10+00:00,1WIN,INOX Division,1WIN,1.56,1000.0,560.0,105574.0,106134.0
paper_v2,819,1633299,2026-09-01T20:10:09+00:00,Nuclear TigeRES,Color,Nuclear TigeRES,1.58,1000.0,580.0000000000001,106134.0,106714.0
paper_v2,928,1684139,2026-09-15T13:20:28+00:00,Black Phoenix,Just Players,Black Phoenix,1.98,1000.0,-1000.0,106714.0,105714.0
paper_v3,1018,1702607,2026-09-29T23:51:05+00:00,MEIA NOITE,ALKA GAMING,ALKA GAMING,1.64,1000.0,639.9999999999999,100000.0,100640.0
paper_v3,1031,1661633,2026-09-30T18:00:11+00:00,Reveal,Huskies eSport,Huskies eSport,4.09,1000.0,-1000.0,100640.0,99640.0
