public_prediction_id,public_number,schedule_date,experiment_version,public_status,published_at,result_published_at,channel_id,message_id,result_message_id,prediction_id,prediction_created_at,model_version,predicted_winner_id,team1_probability,team2_probability,stored_prediction_result,evaluated_at,paper_bet_id,strategy,bookmaker,odds_collected_at,selection_team_id,selection_odds,stake,model_probability,market_probability,edge,decision_status,profit,settled_at,match_id,scheduled_at,begin_at,end_at,match_status,match_type,number_of_games,league_name,tournament_name,team1_id,team1_name,team2_id,team2_name,match_winner_id,predicted_winner_name,selection_team_name,actual_winner_id,actual_winner_name,prediction_result,is_public_channel,bank_before,bank_after
1,1,2026-07-24,paper_v1,win,2026-07-24T09:21:20+00:00,2026-07-24T15:40:32+00:00,@metascope_ai,11,18,71,2026-07-24T01:30:09+00:00,cs2_strong4_v1,3272,0.3652973122869152,0.6347026877130848,win,2026-07-24T15:40:28+00:00,8,value_3pp,MelBet,2026-07-24T01:18:56+00:00,3272,1.87,1000.0,0.6347026877130848,0.5,0.1347026877130848,win,870.0000000000001,2026-07-24T15:40:29+00:00,1592758,2026-07-24T12:15:00Z,2026-07-24T12:19:08Z,2026-07-24T15:34:45Z,finished,best_of,3,BLAST Bounty,Qualifier,3246,Heroic,3272,TheMongolz,3272,TheMongolz,TheMongolz,3272,TheMongolz,win,1,98593.0,99463.0
2,2,2026-07-24,paper_v1,loss,2026-07-24T09:21:20+00:00,2026-07-24T20:30:31+00:00,@metascope_ai,12,19,99,2026-07-24T01:30:09+00:00,cs2_strong4_v1,138975,0.6436595468596675,0.35634045314033247,loss,2026-07-24T20:30:27+00:00,22,value_3pp,MelBet,2026-07-24T01:18:56+00:00,138975,1.755,1000.0,0.6436595468596675,0.5214071448050177,0.12225240205464982,loss,-1000.0,2026-07-24T20:30:28+00:00,1587531,2026-07-24T17:00:00Z,2026-07-24T17:14:42Z,2026-07-24T20:20:46Z,finished,best_of,3,CCT Europe,Group Stage,138975,Butterfly,135321,G2 Ares,135321,Butterfly,Butterfly,135321,G2 Ares,loss,1,96463.0,95463.0
3,3,2026-07-26,paper_v1,loss,2026-07-25T21:47:51+00:00,2026-07-26T16:50:34+00:00,@metascope_ai,22,24,197,2026-07-25T21:15:37+00:00,cs2_strong4_v1,137861,0.6521391801087792,0.34786081989122075,loss,2026-07-26T16:50:29+00:00,71,value_3pp,MelBet,2026-07-25T21:15:18+00:00,137861,2.157,1000.0,0.6521391801087792,0.43489651558815823,0.21724266452062102,loss,-1000.0,2026-07-26T16:50:30+00:00,1600634,2026-07-26T14:00:00Z,2026-07-26T14:06:08Z,2026-07-26T16:40:19Z,finished,best_of,3,Thunderpick World Championship,Group A,137861,STATE,132426,Lazer Cats,132426,STATE,STATE,132426,Lazer Cats,loss,1,91418.0,90418.0
4,4,2026-07-26,paper_v1,win,2026-07-25T21:47:51+00:00,2026-07-26T20:30:34+00:00,@metascope_ai,23,25,219,2026-07-25T21:15:37+00:00,cs2_strong4_v1,138400,0.3043538889002823,0.6956461110997176,win,2026-07-26T20:30:28+00:00,82,value_3pp,MelBet,2026-07-25T21:15:18+00:00,138400,1.71,1000.0,0.6956461110997176,0.5415549597855228,0.15409115131419482,win,710.0,2026-07-26T20:30:29+00:00,1605162,2026-07-26T18:40:00Z,2026-07-26T18:45:09Z,2026-07-26T20:25:08Z,finished,best_of,3,CCT Europe,Playoffs,138676,A Great Chaos,138400,mellren,138400,mellren,mellren,138400,mellren,win,1,89819.0,90529.0
5,5,2026-07-28,paper_v1,win,2026-07-27T22:54:57+00:00,2026-07-29T22:08:33+00:00,@metascope_ai,29,37,624,2026-07-27T22:13:30+00:00,cs2_strong4_v1,136318,0.37623385894159833,0.6237661410584017,win,2026-07-28T23:50:18+00:00,148,value_3pp,MelBet,2026-07-27T22:12:53+00:00,136318,1.66,1000.0,0.6237661410584017,0.5651034844118418,0.058662656646559896,win,659.9999999999999,2026-07-28T23:50:19+00:00,1596576,2026-07-28T22:00:00Z,2026-07-28T22:06:46Z,2026-07-28T23:43:23Z,finished,best_of,3,StarLadder StarSeries,Playoffs,132366,LAG Gaming,136318,Marsborne,136318,Marsborne,Marsborne,136318,Marsborne,win,1,88420.0,89080.0
6,6,2026-07-29,paper_v1,win,2026-07-28T21:16:42+00:00,2026-07-29T22:08:33+00:00,@metascope_ai,32,38,649,2026-07-28T21:15:41+00:00,cs2_strong4_v1,138660,0.267807403259653,0.732192596740347,win,2026-07-29T10:30:28+00:00,153,value_3pp,MelBet,2026-07-28T21:15:16+00:00,138660,2.366,1000.0,0.732192596740347,0.3927104722792608,0.33948212446108617,win,1366.0,2026-07-29T10:30:29+00:00,1608566,2026-07-29T08:10:00Z,2026-07-29T08:13:45Z,2026-07-29T10:30:19Z,finished,best_of,3,United21,Group A,139013,Teletubisie,138660,WRAITH PCIFIC,138660,WRAITH PCIFIC,WRAITH PCIFIC,138660,WRAITH PCIFIC,win,1,89080.0,90446.0
7,7,2026-07-29,paper_v1,loss,2026-07-28T21:16:42+00:00,2026-07-29T22:08:33+00:00,@metascope_ai,33,39,724,2026-07-28T21:15:45+00:00,cs2_strong4_v1,136064,0.5682428668302643,0.43175713316973574,loss,2026-07-29T21:30:27+00:00,168,value_3pp,MelBet,2026-07-28T21:15:16+00:00,136064,3.03,1000.0,0.5682428668302643,0.30979498861047833,0.25844787821978593,loss,-1000.0,2026-07-29T21:30:27+00:00,1596577,2026-07-29T19:00:00Z,2026-07-29T19:01:07Z,2026-07-29T21:29:12Z,finished,best_of,3,StarLadder StarSeries,Playoffs,136064,Chicken Coop Esports,137496,SportsBetExpert,137496,Chicken Coop Esports,Chicken Coop Esports,137496,SportsBetExpert,loss,1,91045.0,90045.0
8,8,2026-07-30,paper_v1,loss,2026-07-29T21:18:38+00:00,2026-07-30T00:30:23+00:00,@metascope_ai,34,40,734,2026-07-29T21:15:49+00:00,cs2_strong4_v1,136318,0.36519556744669407,0.634804432553306,loss,2026-07-30T00:30:19+00:00,170,value_3pp,MelBet,2026-07-29T21:15:20+00:00,136318,3.91,1000.0,0.634804432553306,0.23781676413255362,0.3969876684207524,loss,-1000.0,2026-07-30T00:30:20+00:00,1596579,2026-07-29T22:00:00Z,2026-07-29T22:01:44Z,2026-07-30T00:22:31Z,finished,best_of,3,StarLadder StarSeries,Playoffs,3256,NRG,136318,Marsborne,3256,Marsborne,Marsborne,3256,NRG,loss,1,90045.0,89045.0
9,9,2026-07-30,paper_v1,win,2026-07-29T21:18:38+00:00,2026-07-30T21:30:26+00:00,@metascope_ai,35,44,869,2026-07-29T21:15:58+00:00,cs2_strong4_v1,135468,0.45704331447078494,0.542956685529215,win,2026-07-30T21:30:21+00:00,197,value_3pp,MelBet,2026-07-29T21:15:20+00:00,135468,2.689,1000.0,0.542956685529215,0.34875272463066115,0.1942039608985539,win,1689.0,2026-07-30T21:30:22+00:00,1596526,2026-07-30T18:00:00Z,2026-07-30T18:04:27Z,2026-07-30T21:22:16Z,finished,best_of,3,StarLadder StarSeries,Playoffs,126377,Imperial,135468,ShindeN,135468,ShindeN,ShindeN,135468,ShindeN,win,1,87885.0,89574.0
10,10,2026-07-31,paper_v1,loss,2026-07-30T21:18:42+00:00,2026-07-31T09:30:37+00:00,@metascope_ai,42,45,924,2026-07-30T21:15:58+00:00,cs2_strong4_v1,138992,0.36960903114525184,0.6303909688547482,loss,2026-07-31T09:30:31+00:00,208,value_3pp,MelBet,2026-07-30T21:15:24+00:00,138992,4.405,1000.0,0.6303909688547482,0.2112802148612354,0.41911075399351283,loss,-1000.0,2026-07-31T09:30:32+00:00,1602990,2026-07-31T08:00:00Z,2026-07-31T08:09:41Z,2026-07-31T08:49:18Z,finished,best_of,1,Elisa BreakOut,Group B,125774,HAVU,138992,Trainwrecks eSports,125774,Trainwrecks eSports,Trainwrecks eSports,125774,HAVU,loss,1,88574.0,87574.0
11,11,2026-07-31,paper_v1,loss,2026-07-30T21:18:43+00:00,2026-07-31T18:10:36+00:00,@metascope_ai,43,48,1019,2026-07-30T21:16:06+00:00,cs2_strong4_v1,132459,0.41493981082200104,0.585060189177999,loss,2026-07-31T18:10:29+00:00,227,value_3pp,MelBet,2026-07-30T21:15:24+00:00,132459,3.465,1000.0,0.585060189177999,0.2712933753943218,0.31376681378367716,loss,-1000.0,2026-07-31T18:10:31+00:00,1602995,2026-07-31T16:35:00Z,2026-07-31T16:35:14Z,2026-07-31T17:34:30Z,finished,best_of,1,Elisa BreakOut,Group B,125774,HAVU,132459,ROUNDS,125774,ROUNDS,ROUNDS,125774,HAVU,loss,1,85902.0,84902.0
12,12,2026-08-01,paper_v1,loss,2026-07-31T21:18:06+00:00,2026-08-01T20:10:58+00:00,@metascope_ai,50,54,1159,2026-07-31T21:15:55+00:00,cs2_strong4_v1,135468,0.2665402783154748,0.7334597216845252,loss,2026-08-01T20:10:53+00:00,255,value_3pp,MelBet,2026-07-31T21:15:21+00:00,135468,3.07,1000.0,0.7334597216845252,0.30542986425339375,0.4280298574311315,loss,-1000.0,2026-08-01T20:10:54+00:00,1596527,2026-08-01T18:00:00Z,2026-08-01T18:02:55Z,2026-08-01T20:02:43Z,finished,best_of,3,StarLadder StarSeries,Playoffs,3250,MIBR,135468,ShindeN,3250,ShindeN,ShindeN,3250,MIBR,loss,1,80642.0,79642.0
13,13,2026-08-01,paper_v1,loss,2026-07-31T21:18:06+00:00,2026-08-01T02:30:47+00:00,@metascope_ai,51,53,1044,2026-07-31T21:15:46+00:00,cs2_strong4_v1,133997,0.44028383965963885,0.5597161603403611,loss,2026-08-01T02:30:42+00:00,232,value_3pp,MelBet,2026-07-31T21:15:21+00:00,133997,3.495,1000.0,0.5597161603403611,0.2665267576075551,0.29318940273280597,loss,-1000.0,2026-08-01T02:30:43+00:00,1596586,2026-08-01T00:50:00Z,2026-08-01T00:46:19Z,2026-08-01T02:08:30Z,finished,best_of,3,StarLadder StarSeries,Playoffs,136318,Marsborne,133997,regain,136318,regain,regain,136318,Marsborne,loss,1,83902.0,82902.0
14,14,2026-08-02,paper_v1,win,2026-08-01T21:16:35+00:00,2026-08-02T12:00:35+00:00,@metascope_ai,56,59,1199,2026-08-01T21:15:44+00:00,cs2_strong4_v1,126624,0.3291705745231925,0.6708294254768075,win,2026-08-02T12:00:29+00:00,263,value_3pp,MelBet,2026-08-01T21:15:17+00:00,126624,3.02,1000.0,0.6708294254768075,0.31050228310502287,0.3603271423717846,win,2020.0,2026-08-02T12:00:30+00:00,1596600,2026-08-02T10:00:00Z,2026-08-02T10:02:14Z,2026-08-02T11:57:53Z,finished,best_of,3,Stake Pulse,Group C,126408,9INE,126624,Brute,126624,Brute,Brute,126624,Brute,win,1,78536.0,80556.0
15,15,2026-08-02,paper_v1,win,2026-08-01T21:16:35+00:00,2026-08-02T00:20:33+00:00,@metascope_ai,57,58,1174,2026-08-01T21:15:41+00:00,cs2_strong4_v1,137510,0.3524448333380996,0.6475551666619004,win,2026-08-02T00:20:29+00:00,258,value_3pp,MelBet,2026-08-01T21:15:17+00:00,137510,2.894,1000.0,0.6475551666619004,0.3244631185807656,0.3230920480811348,win,1894.0000000000002,2026-08-02T00:20:29+00:00,1596581,2026-08-01T22:00:00Z,2026-08-01T21:58:57Z,2026-08-02T00:13:30Z,finished,best_of,3,StarLadder StarSeries,Playoffs,3256,NRG,137510,Voca,137510,Voca,Voca,137510,Voca,win,1,78642.0,80536.0
16,16,2026-08-03,paper_v1,pending,2026-08-02T21:18:32+00:00,,@metascope_ai,61,,1369,2026-08-02T21:15:48+00:00,cs2_strong4_v1,137953,0.3549911098467444,0.6450088901532556,loss,2026-08-03T14:50:30+00:00,297,value_3pp,MelBet,2026-08-02T21:15:16+00:00,137953,3.145,1000.0,0.6450088901532556,0.29877369007803795,0.34623520007521763,pending,,,1615316,2026-08-03T13:00:00Z,2026-08-03T13:05:52Z,2026-08-03T14:48:18Z,finished,best_of,3,ESL Challenger League,Group C,138812,Noir Verse,137953,Fortress,138812,Fortress,Fortress,138812,Noir Verse,loss,1,,
17,17,2026-08-03,paper_v1,loss,2026-08-02T21:18:32+00:00,2026-08-03T00:10:35+00:00,@metascope_ai,62,63,1294,2026-08-02T21:15:44+00:00,cs2_strong4_v1,137496,0.44773813320593514,0.5522618667940649,loss,2026-08-03T00:10:30+00:00,282,value_3pp,MelBet,2026-08-02T21:15:16+00:00,137496,3.66,1000.0,0.5522618667940649,0.25458248472505085,0.297679382069014,loss,-1000.0,2026-08-03T00:10:31+00:00,1596588,2026-08-02T22:30:00Z,2026-08-02T22:29:08Z,2026-08-03T00:03:02Z,finished,best_of,3,StarLadder StarSeries,Playoffs,3256,NRG,137496,SportsBetExpert,3256,SportsBetExpert,SportsBetExpert,3256,NRG,loss,1,80556.0,79556.0
18,1,2026-08-04,paper_v2,loss,2026-08-03T21:16:30+00:00,2026-08-04T13:00:35+00:00,@metascope_ai,68,70,1517,2026-08-03T21:15:50+00:00,cs2_team_v2,136560,0.31710480379815814,0.6828951962018419,loss,2026-08-04T13:00:30+00:00,330,value_3pp,MelBet,2026-08-03T21:15:18+00:00,136560,1.82,1000.0,0.6828951962018419,0.5133689839572192,0.16952621224462272,loss,-1000.0,2026-08-04T13:00:31+00:00,1582185,2026-08-04T11:00:00Z,2026-08-04T11:06:05Z,2026-08-04T12:56:19Z,finished,best_of,3,NODWIN Clutch Series,Playoffs,131010,Sashi Esport,136560,Phantom,131010,Phantom,Phantom,131010,Sashi Esport,loss,1,100870.0,99870.0
19,2,2026-08-05,paper_v2,loss,2026-08-04T21:17:26+00:00,2026-08-05T11:20:36+00:00,@metascope_ai,72,77,1643,2026-08-04T21:15:49+00:00,cs2_team_v2,128519,0.37482177425695734,0.6251782257430427,loss,2026-08-05T11:20:30+00:00,341,value_3pp,MelBet,2026-08-04T21:15:21+00:00,128519,1.98,1000.0,0.6251782257430427,0.47200000000000003,0.15317822574304268,loss,-1000.0,2026-08-05T11:20:31+00:00,1582191,2026-08-05T08:00:00Z,2026-08-05T08:17:49Z,2026-08-05T11:12:12Z,finished,best_of,3,NODWIN Clutch Series,Playoffs,131010,Sashi Esport,128519,GenOne,131010,GenOne,GenOne,131010,Sashi Esport,loss,1,99870.0,98870.0
20,3,2026-08-05,paper_v2,win,2026-08-04T21:17:26+00:00,2026-08-05T15:00:17+00:00,@metascope_ai,73,78,1680,2026-08-04T21:15:52+00:00,cs2_team_v2,126944,0.668038408191787,0.33196159180821305,win,2026-08-05T15:00:12+00:00,343,value_3pp,MelBet,2026-08-04T21:15:21+00:00,126944,1.7,1000.0,0.668038408191787,0.5525138194261647,0.11552458876562222,win,700.0,2026-08-05T15:00:13+00:00,1582190,2026-08-05T11:30:00Z,2026-08-05T11:35:57Z,2026-08-05T14:56:18Z,finished,best_of,3,NODWIN Clutch Series,Playoffs,126944,1WIN,138617,INOX Division,126944,1WIN,1WIN,126944,1WIN,win,1,99560.0,100260.0
21,4,2026-08-06,paper_v2,win,2026-08-05T21:16:37+00:00,2026-08-06T11:00:36+00:00,@metascope_ai,80,81,1738,2026-08-05T21:15:43+00:00,cs2_team_v2,135673,0.6985250352532705,0.3014749647467295,win,2026-08-06T11:00:30+00:00,346,value_3pp,MelBet,2026-08-05T21:15:19+00:00,135673,1.87,1000.0,0.6985250352532705,0.5,0.19852503525327048,win,870.0000000000001,2026-08-06T11:00:31+00:00,1582192,2026-08-06T08:00:00Z,2026-08-06T08:09:19Z,2026-08-06T10:59:18Z,finished,best_of,3,NODWIN Clutch Series,Playoffs,131010,Sashi Esport,135673,Nuclear TigeRES,135673,Nuclear TigeRES,Nuclear TigeRES,135673,Nuclear TigeRES,win,1,99260.0,100130.0
22,5,2026-08-07,paper_v2,loss,2026-08-06T21:17:08+00:00,2026-08-07T18:50:13+00:00,@metascope_ai,83,88,1998,2026-08-06T21:16:12+00:00,cs2_team_v2,128519,0.3479609217113192,0.6520390782886808,loss,2026-08-07T18:50:08+00:00,366,value_3pp,MelBet,2026-08-06T21:15:22+00:00,128519,1.912,1000.0,0.6520390782886808,0.47859285519498224,0.17344622309369856,loss,-1000.0,2026-08-07T18:50:09+00:00,1596515,2026-08-07T17:15:00Z,2026-08-07T17:13:25Z,2026-08-07T18:34:41Z,finished,best_of,3,CCT Europe,Playoffs,133542,CYBERSHOKE Esports,128519,GenOne,133542,GenOne,GenOne,133542,CYBERSHOKE Esports,loss,1,100780.0,99780.0
23,6,2026-08-07,paper_v2,win,2026-08-06T21:17:08+00:00,2026-08-07T12:10:31+00:00,@metascope_ai,84,86,1982,2026-08-06T21:16:11+00:00,cs2_team_v2,138092,0.7311011800709636,0.2688988199290364,win,2026-08-07T12:10:25+00:00,365,value_3pp,MelBet,2026-08-06T21:15:22+00:00,138092,1.65,1000.0,0.7311011800709636,0.564873417721519,0.16622776234944459,win,649.9999999999999,2026-08-07T12:10:26+00:00,1615347,2026-08-07T10:10:00Z,2026-08-07T10:10:21Z,2026-08-07T12:09:06Z,finished,best_of,3,Dfrag,Group B,138092,Abyssal,133333,Arcade Esports,138092,Abyssal,Abyssal,138092,Abyssal,win,1,100130.0,100780.0
24,7,2026-08-08,paper_v2,loss,2026-08-07T21:18:18+00:00,2026-08-08T12:00:16+00:00,@metascope_ai,90,92,2208,2026-08-07T21:16:28+00:00,cs2_team_v2,137546,0.5748299782494887,0.42517002175051133,loss,2026-08-08T12:00:11+00:00,381,value_3pp,MelBet,2026-08-07T21:15:35+00:00,137546,2.279,1000.0,0.5748299782494887,0.4078981553650299,0.1669318228844588,loss,-1000.0,2026-08-08T12:00:12+00:00,1620593,2026-08-08T09:10:00Z,2026-08-08T09:13:23Z,2026-08-08T11:56:53Z,finished,best_of,3,Esports World Cup,Group 14,137546,Acend,3256,NRG,3256,Acend,Acend,3256,NRG,loss,1,100680.0,99680.0
25,8,2026-08-08,paper_v2,win,2026-08-07T21:18:18+00:00,2026-08-08T12:10:34+00:00,@metascope_ai,91,93,2154,2026-08-07T21:16:24+00:00,cs2_team_v2,138830,0.6669021937022789,0.3330978062977211,win,2026-08-08T12:10:29+00:00,377,value_3pp,MelBet,2026-08-07T21:15:35+00:00,138830,1.65,1000.0,0.6669021937022789,0.564873417721519,0.10202877598075988,win,649.9999999999999,2026-08-08T12:10:30+00:00,1620568,2026-08-08T09:10:00Z,2026-08-08T09:10:28Z,2026-08-08T12:08:25Z,finished,best_of,3,Esports World Cup,Group 9,138830,ECHO,126584,OG,138830,ECHO,ECHO,138830,ECHO,win,1,99680.0,100330.0
26,9,2026-08-09,paper_v2,win,2026-08-08T21:17:06+00:00,2026-08-09T12:10:26+00:00,@metascope_ai,95,99,2414,2026-08-08T21:15:46+00:00,cs2_team_v2,136560,0.3745368459768227,0.6254631540231773,win,2026-08-09T12:10:20+00:00,402,value_3pp,MelBet,2026-08-08T21:15:19+00:00,136560,2.144,1000.0,0.6254631540231773,0.4334038054968287,0.1920593485263486,win,1144.0000000000002,2026-08-09T12:10:21+00:00,1620614,2026-08-09T09:15:00Z,2026-08-09T09:17:11Z,2026-08-09T12:07:30Z,finished,best_of,3,Esports World Cup,Play-Ins,3256,NRG,136560,Phantom,136560,Phantom,Phantom,136560,Phantom,win,1,99330.0,100474.0
27,10,2026-08-09,paper_v2,loss,2026-08-08T21:17:06+00:00,2026-08-09T11:30:38+00:00,@metascope_ai,96,98,2384,2026-08-08T21:15:44+00:00,cs2_team_v2,137992,0.5288498560522285,0.47115014394777155,loss,2026-08-09T11:30:33+00:00,397,value_3pp,MelBet,2026-08-08T21:15:19+00:00,137992,2.355,1000.0,0.5288498560522285,0.3953786906290116,0.13347116542321685,loss,-1000.0,2026-08-09T11:30:34+00:00,1620609,2026-08-09T09:00:00Z,2026-08-09T09:07:30Z,2026-08-09T11:23:30Z,finished,best_of,3,Esports World Cup,Play-Ins,137992,Fluxo W7M,3217,fnatic,3217,Fluxo W7M,Fluxo W7M,3217,fnatic,loss,1,100330.0,99330.0
28,11,2026-08-10,paper_v2,loss,2026-08-09T21:15:50+00:00,2026-08-10T11:30:15+00:00,@metascope_ai,101,102,2521,2026-08-09T21:15:33+00:00,cs2_team_v2,127114,0.7280005460603622,0.27199945393963776,loss,2026-08-10T11:30:10+00:00,414,value_3pp,MelBet,2026-08-09T21:15:15+00:00,127114,1.53,1000.0,0.7280005460603622,0.6072895277207393,0.12071101833962294,loss,-1000.0,2026-08-10T11:30:11+00:00,1615353,2026-08-10T10:10:00Z,2026-08-10T10:08:37Z,2026-08-10T11:23:07Z,finished,best_of,3,Dfrag,Playoffs,127114,Rooster,138092,Abyssal,138092,Rooster,Rooster,138092,Abyssal,loss,1,105229.0,104229.0
29,12,2026-08-12,paper_v2,win,2026-08-11T21:16:45+00:00,2026-08-12T19:31:02+00:00,@metascope_ai,105,108,2751,2026-08-11T21:16:00+00:00,cs2_team_v2,124530,0.4580671923695545,0.5419328076304455,win,2026-08-12T19:30:58+00:00,444,value_3pp,MelBet,2026-08-11T21:15:21+00:00,124530,2.326,1000.0,0.5419328076304455,0.406026557711951,0.13590624991849448,win,1326.0,2026-08-12T19:30:59+00:00,1624322,2026-08-12T18:00:00Z,2026-08-12T17:55:39Z,2026-08-12T18:44:10Z,finished,best_of,1,Esports World Cup,Group D,135273,Wildcard,124530,FURIA,124530,FURIA,FURIA,124530,FURIA,win,1,103229.0,104555.0
30,13,2026-08-12,paper_v2,loss,2026-08-11T21:16:45+00:00,2026-08-12T10:30:35+00:00,@metascope_ai,106,107,2638,2026-08-11T21:15:54+00:00,cs2_team_v2,131505,0.3231582159738076,0.6768417840261924,loss,2026-08-12T10:30:30+00:00,426,value_3pp,MelBet,2026-08-11T21:15:21+00:00,131505,1.57,1000.0,0.6768417840261924,0.6045340050377834,0.07230777898840901,loss,-1000.0,2026-08-12T10:30:31+00:00,1624080,2026-08-12T09:00:00Z,2026-08-12T09:03:03Z,2026-08-12T09:49:07Z,finished,best_of,1,Esports World Cup,Group A,3249,BIG,131505,Aurora Gaming,3249,Aurora Gaming,Aurora Gaming,3249,BIG,loss,1,104229.0,103229.0
31,14,2026-08-13,paper_v2,win,2026-08-12T21:16:15+00:00,2026-08-13T20:10:32+00:00,@metascope_ai,110,114,2894,2026-08-12T21:15:52+00:00,cs2_team_v2,135227,0.2523988836131527,0.7476011163868472,win,2026-08-13T20:10:28+00:00,462,value_3pp,MelBet,2026-08-12T21:15:18+00:00,135227,2.142,1000.0,0.7476011163868472,0.435126582278481,0.31247453410836623,win,1142.0,2026-08-13T20:10:28+00:00,1630757,2026-08-13T17:20:00Z,2026-08-13T17:25:41Z,2026-08-13T20:00:59Z,finished,best_of,3,NODWIN Clutch Series,Play-In Group A,3251,ENCE,135227,ENJOY,135227,ENJOY,ENJOY,135227,ENJOY,win,1,103555.0,104697.0
32,15,2026-08-13,paper_v2,loss,2026-08-12T21:16:15+00:00,2026-08-13T18:40:33+00:00,@metascope_ai,111,113,2882,2026-08-12T21:15:52+00:00,cs2_team_v2,133708,0.5486553915940162,0.4513446084059838,loss,2026-08-13T18:40:29+00:00,460,value_3pp,MelBet,2026-08-12T21:15:18+00:00,133708,2.01,1000.0,0.5486553915940162,0.47244094488188976,0.07621444671212646,loss,-1000.0,2026-08-13T18:40:30+00:00,1624092,2026-08-13T16:50:00Z,2026-08-13T16:54:35Z,2026-08-13T18:34:20Z,finished,best_of,3,Esports World Cup,Group B,133708,Legacy,3212,FaZe,3212,Legacy,Legacy,3212,FaZe,loss,1,104555.0,103555.0
33,16,2026-08-14,paper_v2,loss,2026-08-13T21:16:24+00:00,2026-08-14T19:00:33+00:00,@metascope_ai,116,120,3056,2026-08-13T21:15:47+00:00,cs2_team_v2,126452,0.32558706423497286,0.6744129357650271,loss,2026-08-14T19:00:28+00:00,484,value_3pp,MelBet,2026-08-13T21:15:15+00:00,126452,2.125,1000.0,0.6744129357650271,0.4466145833333334,0.22779835243169372,loss,-1000.0,2026-08-14T19:00:29+00:00,1624295,2026-08-14T17:10:00Z,2026-08-14T17:18:29Z,2026-08-14T18:56:53Z,finished,best_of,3,Esports World Cup,Group C,133719,PARIVISION,126452,100 Thieves,133719,100 Thieves,100 Thieves,133719,PARIVISION,loss,1,105737.0,104737.0
34,17,2026-08-14,paper_v2,win,2026-08-13T21:16:24+00:00,2026-08-14T10:10:37+00:00,@metascope_ai,117,118,2934,2026-08-13T21:15:42+00:00,cs2_team_v2,135227,0.7770667557573478,0.22293324424265215,win,2026-08-14T10:10:33+00:00,467,value_3pp,MelBet,2026-08-13T21:15:15+00:00,135227,1.46,1000.0,0.7770667557573478,0.6367255536203036,0.14034120213704426,win,459.99999999999994,2026-08-14T10:10:34+00:00,1630664,2026-08-14T08:15:00Z,2026-08-14T08:16:00Z,2026-08-14T10:09:43Z,finished,best_of,3,CCT Europe,Group C,135227,ENJOY,137075,Misa Esports,135227,ENJOY,ENJOY,135227,ENJOY,win,1,104697.0,105157.0
35,18,2026-08-15,paper_v2,loss,2026-08-14T21:16:57+00:00,2026-08-15T13:50:34+00:00,@metascope_ai,122,127,3136,2026-08-14T21:15:41+00:00,cs2_team_v2,135273,0.578684684316562,0.42131531568343805,loss,2026-08-15T13:50:30+00:00,494,value_3pp,MelBet,2026-08-14T21:15:18+00:00,135273,2.37,1000.0,0.578684684316562,0.4006069802731411,0.17807770404342083,loss,-1000.0,2026-08-15T13:50:30+00:00,1624326,2026-08-15T11:00:00Z,2026-08-15T11:01:09Z,2026-08-15T13:44:07Z,finished,best_of,3,Esports World Cup,Group D,135273,Wildcard,125751,paiN,125751,Wildcard,Wildcard,125751,paiN,loss,1,105832.0,104832.0
36,19,2026-08-15,paper_v2,win,2026-08-14T21:16:57+00:00,2026-08-15T10:50:33+00:00,@metascope_ai,123,126,3118,2026-08-14T21:15:40+00:00,cs2_team_v2,137580,0.4827183461259999,0.5172816538740002,win,2026-08-15T10:50:29+00:00,491,value_3pp,MelBet,2026-08-14T21:15:18+00:00,137580,2.095,1000.0,0.5172816538740002,0.4435590969455511,0.07372255692844903,win,1095.0000000000002,2026-08-15T10:50:29+00:00,1633564,2026-08-15T08:45:00Z,,,canceled,best_of,3,European Pro League,Playoffs,136934,Bushido Wildcats,137580, Phantom Academy,137580, Phantom Academy, Phantom Academy,137580, Phantom Academy,win,1,104737.0,105832.0
37,20,2026-08-17,paper_v2,loss,2026-08-16T21:16:14+00:00,2026-08-17T20:50:41+00:00,@metascope_ai,130,133,3521,2026-08-16T21:15:48+00:00,cs2_team_v2,135227,0.7686703372606014,0.2313296627393986,loss,2026-08-17T20:50:38+00:00,544,value_3pp,MelBet,2026-08-16T21:15:20+00:00,135227,1.65,1000.0,0.7686703372606014,0.5678365636458879,0.20083377361471355,loss,-1000.0,2026-08-17T20:50:38+00:00,1630677,2026-08-17T17:55:00Z,2026-08-17T17:56:23Z,2026-08-17T20:42:40Z,finished,best_of,3,CCT Europe,Play-In,135227,ENJOY,125774,HAVU,125774,ENJOY,ENJOY,125774,HAVU,loss,1,103832.0,102832.0
38,21,2026-08-18,paper_v2,void_roster_change,2026-08-17T21:15:42+00:00,,@metascope_ai,135,,3646,2026-08-17T21:15:34+00:00,cs2_team_v2,136659,0.7214777081826007,0.2785222918173993,win,2026-08-18T16:00:29+00:00,559,value_3pp,MelBet,2026-08-17T21:15:13+00:00,136659,1.47,1000.0,0.7214777081826007,0.6379310344827586,0.08354667369984214,void_roster_change,0.0,2026-08-18T09:30:22+00:00,1639320,2026-08-18T13:00:00Z,2026-08-18T13:09:55Z,2026-08-18T15:50:27Z,finished,best_of,3,ESL Challenger League,Group C,136659,SPARTA,129160,MOUZ NXT,136659,SPARTA,SPARTA,136659,SPARTA,win,1,,
39,22,2026-08-19,paper_v2,win,2026-08-18T21:16:14+00:00,2026-08-19T16:40:14+00:00,@metascope_ai,138,139,3810,2026-08-18T21:15:44+00:00,cs2_team_v2,138963,0.6464248138624424,0.35357518613755756,win,2026-08-19T16:40:10+00:00,578,value_3pp,MelBet,2026-08-18T21:15:18+00:00,138963,1.684,1000.0,0.6464248138624424,0.5432601030648223,0.10316471079762013,win,683.9999999999999,2026-08-19T16:40:11+00:00,1630684,2026-08-19T14:00:00Z,2026-08-19T14:05:16Z,2026-08-19T16:35:47Z,finished,best_of,3,CCT Europe,Group Stage,138963,Black Phoenix,136934,Bushido Wildcats,138963,Black Phoenix,Black Phoenix,138963,Black Phoenix,win,1,102832.0,103516.0
40,23,2026-08-21,paper_v2,win,2026-08-20T21:16:22+00:00,2026-08-21T13:01:13+00:00,@metascope_ai,142,143,3913,2026-08-20T21:15:38+00:00,cs2_team_v2,136955,0.5297183349038793,0.4702816650961207,win,2026-08-21T13:01:03+00:00,586,value_3pp,MelBet,2026-08-20T21:15:18+00:00,136955,2.405,1000.0,0.5297183349038793,0.3949685534591196,0.13474978144475974,win,1404.9999999999998,2026-08-21T13:01:03+00:00,1624406,2026-08-21T11:00:00Z,2026-08-21T11:07:58Z,2026-08-21T13:00:23Z,finished,best_of,3,Esports World Cup,Playoffs,136955,FUT Esports,3240,MOUZ,136955,FUT Esports,FUT Esports,136955,FUT Esports,win,1,103516.0,104921.0
41,24,2026-08-22,paper_v2,loss,2026-08-21T21:15:57+00:00,2026-08-22T09:50:09+00:00,@metascope_ai,145,146,4032,2026-08-21T21:15:39+00:00,cs2_team_v2,128519,0.6848128949182147,0.31518710508178527,loss,2026-08-22T09:50:06+00:00,600,value_3pp,MelBet,2026-08-21T21:15:19+00:00,128519,1.45,1000.0,0.6848128949182147,0.654268001907487,0.030544893010727714,loss,-1000.0,2026-08-22T09:50:06+00:00,1633223,2026-08-22T08:00:00Z,2026-08-22T08:05:21Z,2026-08-22T09:45:16Z,finished,best_of,3,NODWIN Clutch Series,Group Stage,128519,GenOne,137703,ex-Zero Tenacity,137703,GenOne,GenOne,137703,ex-Zero Tenacity,loss,1,104921.0,103921.0
42,25,2026-08-23,paper_v2,loss,2026-08-22T21:16:03+00:00,2026-08-23T20:00:11+00:00,@metascope_ai,148,150,4290,2026-08-22T21:15:42+00:00,cs2_team_v2,138406,0.539937214412751,0.460062785587249,loss,2026-08-23T20:00:08+00:00,633,value_3pp,MelBet,2026-08-22T21:15:18+00:00,138406,1.88,1000.0,0.539937214412751,0.5026455026455027,0.037291711767248326,loss,-1000.0,2026-08-23T20:00:08+00:00,1630701,2026-08-23T17:15:00Z,2026-08-23T17:19:08Z,2026-08-23T19:56:10Z,finished,best_of,3,CCT Europe,Group Stage,138406,Just Players,137703,ex-Zero Tenacity,137703,Just Players,Just Players,137703,ex-Zero Tenacity,loss,1,103921.0,102921.0
43,26,2026-08-24,paper_v2,win,2026-08-23T21:16:07+00:00,2026-08-24T20:01:13+00:00,@metascope_ai,152,153,4452,2026-08-23T21:15:47+00:00,cs2_team_v2,137500,0.7103772278421098,0.28962277215789023,win,2026-08-24T20:00:28+00:00,655,value_3pp,MelBet,2026-08-23T21:15:20+00:00,137500,1.75,1000.0,0.7103772278421098,0.527027027027027,0.1833502008150828,win,750.0,2026-08-24T20:00:29+00:00,1633234,2026-08-24T17:00:00Z,2026-08-24T17:10:46Z,2026-08-24T19:59:48Z,finished,best_of,3,NODWIN Clutch Series,Group Stage,137500,CYBERSHOKE Prospects,137703,ex-Zero Tenacity,137500,CYBERSHOKE Prospects,CYBERSHOKE Prospects,137500,CYBERSHOKE Prospects,win,1,102921.0,103671.0
44,27,2026-08-25,paper_v2,loss,2026-08-24T21:16:19+00:00,2026-08-25T22:50:48+00:00,@metascope_ai,155,158,4681,2026-08-24T21:15:57+00:00,cs2_team_v2,125863,0.5736813954170094,0.42631860458299065,loss,2026-08-25T22:50:44+00:00,674,value_3pp,MelBet,2026-08-24T21:15:24+00:00,125863,1.87,1000.0,0.5736813954170094,0.5,0.07368139541700935,loss,-1000.0,2026-08-25T22:50:45+00:00,1650482,2026-08-25T21:00:00Z,2026-08-25T21:01:54Z,2026-08-25T22:44:27Z,finished,best_of,3,ESL Challenger League,Playoffs,125863,Isurus,131253,ODDIK,131253,Isurus,Isurus,131253,ODDIK,loss,1,103671.0,102671.0
45,28,2026-08-26,paper_v2,win,2026-08-25T21:16:22+00:00,2026-08-26T12:00:14+00:00,@metascope_ai,157,159,4757,2026-08-25T21:15:52+00:00,cs2_team_v2,131110,0.35551439701040183,0.6444856029895982,win,2026-08-26T12:00:10+00:00,680,value_3pp,MelBet,2026-08-25T21:15:21+00:00,131110,1.71,1000.0,0.6444856029895982,0.5415549597855228,0.10293064320407541,win,710.0,2026-08-26T12:00:11+00:00,1650128,2026-08-26T09:20:00Z,2026-08-26T09:21:08Z,2026-08-26T11:58:48Z,finished,best_of,3,ESL Challenger League,Playoffs,133333,Arcade Esports,131110,Mindfreak,131110,Mindfreak,Mindfreak,131110,Mindfreak,win,1,102671.0,103381.0
46,29,2026-08-27,paper_v2,win,2026-08-26T21:17:04+00:00,2026-08-27T16:10:14+00:00,@metascope_ai,161,164,5079,2026-08-26T21:15:52+00:00,cs2_team_v2,130570,0.21604064144268809,0.7839593585573119,win,2026-08-27T16:10:10+00:00,712,value_3pp,MelBet,2026-08-26T21:15:21+00:00,130570,1.8,1000.0,0.7839593585573119,0.5135135135135135,0.2704458450437984,win,800.0,2026-08-27T16:10:10+00:00,1648235,2026-08-27T14:00:00Z,2026-08-27T14:07:17Z,2026-08-27T16:01:02Z,finished,best_of,3,Logitech G Play Connect,Group A,138685,Esport Academy Copenhagen,130570,QUAZAR,130570,QUAZAR,QUAZAR,130570,QUAZAR,win,1,103381.0,104181.0
47,30,2026-08-27,paper_v2,win,2026-08-26T21:17:05+00:00,2026-08-27T16:41:12+00:00,@metascope_ai,162,165,5073,2026-08-26T21:15:52+00:00,cs2_team_v2,133708,0.5188635017306965,0.4811364982693035,win,2026-08-27T16:41:09+00:00,711,value_3pp,MelBet,2026-08-26T21:15:21+00:00,133708,2.02,1000.0,0.5188635017306965,0.46981627296587924,0.04904722876481726,win,1020.0,2026-08-27T16:41:09+00:00,1640201,2026-08-27T14:30:00Z,2026-08-27T14:34:36Z,2026-08-27T16:32:44Z,finished,best_of,3,BLAST Open,Group B,133708,Legacy,136955,FUT Esports,133708,Legacy,Legacy,133708,Legacy,win,1,104181.0,105201.0
48,31,2026-08-28,paper_v2,loss,2026-08-27T21:16:32+00:00,2026-08-28T13:40:17+00:00,@metascope_ai,167,168,5241,2026-08-27T21:15:53+00:00,cs2_team_v2,137861,0.7142539380763004,0.28574606192369956,loss,2026-08-28T13:40:13+00:00,729,value_3pp,MelBet,2026-08-27T21:15:22+00:00,137861,2.075,1000.0,0.7142539380763004,0.448871181938911,0.26538275613738943,loss,-1000.0,2026-08-28T13:40:14+00:00,1648239,2026-08-28T11:30:00Z,2026-08-28T11:38:50Z,2026-08-28T13:32:04Z,finished,best_of,3,Logitech G Play Connect,Group B,137861,STATE,135321,G2 Ares,135321,STATE,STATE,135321,G2 Ares,loss,1,105201.0,104201.0
49,32,2026-08-29,paper_v2,loss,2026-08-28T21:17:14+00:00,2026-08-29T02:50:12+00:00,@metascope_ai,170,172,5426,2026-08-28T21:15:54+00:00,cs2_team_v2,136064,0.44552421627396693,0.554475783726033,loss,2026-08-29T02:50:09+00:00,749,value_3pp,MelBet,2026-08-28T21:15:23+00:00,136064,2.485,1000.0,0.554475783726033,0.3681667937960844,0.1863089899299486,loss,-1000.0,2026-08-29T02:50:10+00:00,1650519,2026-08-29T01:00:00Z,2026-08-29T01:08:59Z,2026-08-29T02:42:47Z,finished,best_of,3,ESL Challenger League,Playoffs,136318,Marsborne,136064,Chicken Coop Esports,136318,Chicken Coop Esports,Chicken Coop Esports,136318,Marsborne,loss,1,104201.0,103201.0
50,33,2026-08-29,paper_v2,win,2026-08-28T21:17:14+00:00,2026-08-29T14:20:08+00:00,@metascope_ai,171,174,5523,2026-08-28T21:15:59+00:00,cs2_team_v2,133063,0.42629394347072364,0.5737060565292764,win,2026-08-29T14:20:04+00:00,761,value_3pp,MelBet,2026-08-28T21:15:23+00:00,133063,2.079,1000.0,0.5737060565292764,0.44007541071909506,0.13363064581018136,win,1079.0000000000002,2026-08-29T14:20:05+00:00,1651285,2026-08-29T11:25:00Z,2026-08-29T11:26:27Z,2026-08-29T14:19:28Z,finished,best_of,3,CCT Europe,Group C,136934,Bushido Wildcats,133063,UNiTY esports,133063,UNiTY esports,UNiTY esports,133063,UNiTY esports,win,1,103201.0,104280.0
51,34,2026-08-31,paper_v2,loss,2026-08-30T21:16:50+00:00,2026-08-31T15:30:31+00:00,@metascope_ai,177,182,5808,2026-08-30T21:15:53+00:00,cs2_team_v2,126624,0.5929560652497742,0.4070439347502258,loss,2026-08-31T15:30:28+00:00,796,value_3pp,MelBet,2026-08-30T21:15:21+00:00,126624,1.87,1000.0,0.5929560652497742,0.5,0.09295606524977418,loss,-1000.0,2026-08-31T15:30:28+00:00,1648378,2026-08-31T14:15:00Z,,,canceled,best_of,3,Logitech G Play Connect,Group D,126624,Brute,137440,ASTRAL,137440,Brute,Brute,137440,ASTRAL,loss,1,107074.0,106074.0
52,35,2026-08-31,paper_v2,loss,2026-08-30T21:16:50+00:00,2026-08-31T18:10:31+00:00,@metascope_ai,178,183,5802,2026-08-30T21:15:53+00:00,cs2_team_v2,130564,0.37303377828250256,0.6269662217174974,loss,2026-08-31T18:10:28+00:00,795,value_3pp,MelBet,2026-08-30T21:15:21+00:00,130564,1.73,1000.0,0.6269662217174974,0.5488917861799217,0.07807443553757565,loss,-1000.0,2026-08-31T18:10:28+00:00,1640205,2026-08-31T15:35:00Z,2026-08-31T15:38:10Z,2026-08-31T17:58:49Z,finished,best_of,3,BLAST Open,Group B,3240,MOUZ,130564,Team Falcons,3240,Team Falcons,Team Falcons,3240,MOUZ,loss,1,106074.0,105074.0
53,36,2026-09-01,paper_v2,win,2026-08-31T21:17:01+00:00,2026-09-01T20:10:12+00:00,@metascope_ai,185,190,5986,2026-08-31T21:15:41+00:00,cs2_team_v2,135673,0.7105192975704058,0.2894807024295942,win,2026-09-01T20:10:08+00:00,819,value_3pp,MelBet,2026-08-31T21:15:19+00:00,135673,1.58,1000.0,0.7105192975704058,0.5929933024214322,0.11752599514897355,win,580.0000000000001,2026-09-01T20:10:09+00:00,1633299,2026-09-01T18:00:00Z,2026-09-01T17:44:59Z,2026-09-01T20:01:04Z,finished,best_of,3,NODWIN Clutch Series,Playoffs,135673,Nuclear TigeRES,139106,Color,135673,Nuclear TigeRES,Nuclear TigeRES,135673,Nuclear TigeRES,win,1,106134.0,106714.0
54,37,2026-09-01,paper_v2,win,2026-08-31T21:17:01+00:00,2026-09-01T13:30:30+00:00,@metascope_ai,186,187,5926,2026-08-31T21:15:38+00:00,cs2_team_v2,127976,0.7032547854756741,0.2967452145243259,win,2026-09-01T13:30:26+00:00,809,value_3pp,MelBet,2026-08-31T21:15:19+00:00,127976,1.5,1000.0,0.7032547854756741,0.6250937265683578,0.07816105890731628,win,500.0,2026-09-01T13:30:27+00:00,1633295,2026-09-01T11:00:00Z,2026-09-01T11:11:01Z,2026-09-01T12:57:52Z,finished,best_of,3,NODWIN Clutch Series,Playoffs,127976,Infinite,138101,Inner Circle Academy,127976,Infinite,Infinite,127976,Infinite,win,1,105074.0,105574.0
55,38,2026-09-15,paper_v2,loss,2026-09-14T21:15:52+00:00,2026-09-15T13:20:31+00:00,@metascope_ai,205,207,6915,2026-09-14T21:15:35+00:00,cs2_team_v2,138963,0.53407440780907,0.46592559219093,loss,2026-09-15T13:20:28+00:00,928,value_3pp,MelBet,2026-09-14T21:15:16+00:00,138963,1.98,1000.0,0.53407440780907,0.47200000000000003,0.062074407809069976,loss,-1000.0,2026-09-15T13:20:28+00:00,1684139,2026-09-15T11:40:00Z,2026-09-15T11:38:49Z,2026-09-15T13:11:53Z,finished,best_of,3,NODWIN Clutch Series,Group Stage,138963,Black Phoenix,138406,Just Players,138406,Black Phoenix,Black Phoenix,138406,Just Players,loss,1,106714.0,105714.0
56,1,2026-09-30,paper_v3,loss,2026-09-29T21:16:41+00:00,2026-09-30T18:00:15+00:00,@metascope_ai,225,228,7751,2026-09-29T21:15:44+00:00,extra_trees_context_v1,138179,0.41129737908315345,0.5887026209168466,loss,2026-09-30T18:00:11+00:00,1031,value_3pp,MelBet,2026-09-29T21:15:15+00:00,138179,4.09,1000.0,0.5887026209168466,0.2268431001890359,0.3618595207278107,loss,-1000.0,2026-09-30T18:00:11+00:00,1661633,2026-09-30T16:20:00Z,2026-09-30T16:19:40Z,2026-09-30T17:54:16Z,finished,best_of,3,DACH CS Masters,Regular Season,132551,Reveal,138179,Huskies eSport,132551,Huskies eSport,Huskies eSport,132551,Reveal,loss,1,100640.0,99640.0
57,2,2026-09-30,paper_v3,win,2026-09-29T21:16:41+00:00,2026-09-29T23:51:09+00:00,@metascope_ai,226,227,7635,2026-09-29T21:15:35+00:00,extra_trees_context_v1,138276,0.2963390226296974,0.7036609773703026,win,2026-09-29T23:51:04+00:00,1018,value_3pp,MelBet,2026-09-29T21:15:15+00:00,138276,1.64,1000.0,0.7036609773703026,0.5714659001829109,0.13219507718739176,win,639.9999999999999,2026-09-29T23:51:05+00:00,1702607,2026-09-29T22:00:00Z,2026-09-29T22:06:51Z,2026-09-29T23:43:42Z,finished,best_of,3,CCT South America,Group Stage,139026,MEIA NOITE,138276,ALKA GAMING,138276,ALKA GAMING,ALKA GAMING,138276,ALKA GAMING,win,1,100000.0,100640.0
58,3,2026-10-01,paper_v3,pending,2026-09-30T21:22:37+00:00,,@metascope_ai,230,,8059,2026-09-30T21:16:04+00:00,extra_trees_context_v1,139200,0.3726720392256092,0.6273279607743908,,,1090,value_3pp,MelBet,2026-09-30T21:15:18+00:00,139200,3.535,1000.0,0.6273279607743908,0.26277372262773724,0.36455423814665355,pending,,,1720354,2026-10-01T15:00:00Z,2026-10-01T15:00:00Z,,not_started,best_of,1,FOX Legacy Cup,Group B,126738,SAW,139200,Nice Try,,Nice Try,Nice Try,,,,1,,
59,4,2026-10-01,paper_v3,pending,2026-09-30T21:22:37+00:00,,@metascope_ai,231,,8171,2026-09-30T21:16:12+00:00,extra_trees_context_v1,132426,0.5965180149277217,0.4034819850722783,,,1102,value_3pp,MelBet,2026-09-30T21:20:02+00:00,132426,3.1,1000.0,0.5965180149277217,0.30022573363431154,0.2962922812934102,pending,,,1720363,2026-10-01T18:45:00Z,2026-10-01T18:45:00Z,,not_started,best_of,1,FOX Legacy Cup,Group B,132426,Lazer Cats,126738,SAW,,Lazer Cats,Lazer Cats,,,,1,,
